Name,Tags,Created time
bleat,,"July 6, 2024 7:13 PM"
,,"June 25, 2024 11:10 AM"
band saw,,"June 25, 2024 11:10 AM"
scrap,,"June 25, 2024 11:09 AM"
sawdust,,"June 25, 2024 11:09 AM"
Saw blades,,"June 25, 2024 11:03 AM"
sawed boards,,"June 25, 2024 10:59 AM"
Warehouse,,"June 25, 2024 10:32 AM"
lumber industry,,"June 25, 2024 10:24 AM"
Gig economy,noun,"June 25, 2024 10:17 AM"
oversee,"examine, inspect, supervise, verb","June 25, 2024 10:05 AM"
tribal confederacies,,"June 25, 2024 10:01 AM"
shephred,"job, noun","June 25, 2024 10:01 AM"
craft,,"June 25, 2024 10:00 AM"
Surplus,"disequilibrium, economics, noun","June 25, 2024 10:00 AM"
guild,"association, noun","June 25, 2024 10:00 AM"
tapestry,,"June 24, 2024 9:11 AM"
Woven,"fabric, noun","June 24, 2024 9:11 AM"
Slippery,,"June 24, 2024 8:28 AM"
Oily,,"June 24, 2024 8:28 AM"
Slithery,,"June 24, 2024 8:28 AM"
get a line on,"hurry up, informal","June 24, 2024 8:18 AM"
"interested in ",collocation,"June 24, 2024 8:10 AM"
Take it easy,"idiom, relax","June 20, 2024 9:32 AM"
eat outside / eat out,,"June 20, 2024 9:31 AM"
especially / specially,,"June 20, 2024 9:27 AM"
in time / on time,,"June 20, 2024 9:26 AM"
Rush time,,"June 20, 2024 9:23 AM"
went out,,"June 20, 2024 9:20 AM"
unlikely/likely,,"June 20, 2024 9:19 AM"
petrol,,"June 20, 2024 9:17 AM"
Go away,,"June 20, 2024 9:17 AM"
get to,,"June 20, 2024 9:16 AM"
go away,,"June 20, 2024 9:15 AM"
Cruising,,"June 20, 2024 8:27 AM"
Unfasten,,"June 20, 2024 8:22 AM"
a,,"June 17, 2024 9:17 AM"
,,"June 17, 2024 9:18 AM"
conceal,,"June 17, 2024 9:12 AM"
Underneath,,"June 17, 2024 9:11 AM"
switch up,to change usually in a way that brings an improvement:,"March 3, 2024 4:09 PM"
"max out ",to do or have as much as possible of something or too much of something,"March 3, 2024 4:09 PM"
Against this backdrop,,"January 30, 2024 9:11 AM"
the milk of human kindness,,"December 25, 2023 4:03 PM"
put to,being the responsibility of,"November 20, 2023 9:15 AM"
surly,,"November 6, 2023 12:29 PM"
sullen,,"November 6, 2023 12:29 PM"
groom,,"November 6, 2023 12:28 PM"
clashed,"meet and come into violent conflict., verb","November 6, 2023 12:25 PM"
airborne,,"November 6, 2023 10:35 AM"
took off,,"November 6, 2023 10:34 AM"
clinging,"to stick onto or hold something, verb","November 6, 2023 10:33 AM"
wounded,,"November 6, 2023 10:29 AM"
airlift,,"November 6, 2023 10:29 AM"
barely,,"November 6, 2023 10:29 AM"
hamper,hinder or impede the movement or progress of.,"November 6, 2023 10:17 AM"
crippling,,"November 6, 2023 10:11 AM"
cut back,,"November 6, 2023 8:43 AM"
matter-of-fact,,"October 20, 2023 10:07 AM"
hooker,,"October 20, 2023 9:21 AM"
put up,,"October 20, 2023 9:06 AM"
can’t stand,,"October 20, 2023 9:04 AM"
put up with,"accept someone or something that is annoying, idiom","October 20, 2023 9:03 AM"
"flowerpot, planter, planterette or plant pot",,"September 25, 2023 11:21 AM"
a good deal of,much,"September 25, 2023 10:49 AM"
cut something down,"to reduce the number amount or size of something, verb","September 25, 2023 10:42 AM"
plenty,"adverb, more than enough, noun, pronoun","September 25, 2023 10:38 AM"
hurry,,"September 19, 2023 8:19 AM"
lacklustre,,"September 18, 2023 11:55 AM"
come across,find,"September 18, 2023 11:11 AM"
sheer,,"September 18, 2023 11:07 AM"
hectic,"adjective, frantic activity","September 18, 2023 10:58 AM"
washed up,,"September 18, 2023 10:37 AM"
wraith,,"September 18, 2023 10:03 AM"
merry,"cheerful, lively","September 18, 2023 10:02 AM"
rub,,"August 11, 2023 12:08 PM"
naughtynaughty,,"July 10, 2023 7:49 PM"
honet,,"September 18, 2023 11:05 AM"
fritter away,they waste X on unimportant or unnecessary things,"July 10, 2023 7:23 PM"
fritter,,"July 10, 2023 7:21 PM"
the such,,"July 10, 2023 7:08 PM"
fond of,having a liking for,"July 10, 2023 7:06 PM"
all the rage,very popular,"July 10, 2023 7:04 PM"
roll over,,"July 9, 2023 2:59 PM"
rear,,"July 8, 2023 1:05 PM"
rage,,"July 5, 2023 9:03 PM"
let him cook,,"July 3, 2023 9:30 PM"
raison d'etre,,"July 3, 2023 9:16 PM"
hollow,,"June 28, 2023 4:12 PM"
lane,,"June 26, 2023 7:32 PM"
parachute,,"June 26, 2023 7:03 PM"
surroundings,,"June 19, 2023 7:20 PM"
take out,to remove something from somewhere,"June 14, 2023 8:43 PM"
take out,to get money from a bank account,"June 14, 2023 8:42 PM"
draw on,,"June 4, 2023 9:42 PM"
heinous,,"June 4, 2023 9:41 PM"
culprit,,"February 3, 2023 2:42 PM"
necessitate,"cover-ups, verb","February 3, 2023 2:38 PM"
outing,,"February 3, 2023 2:38 PM"
cover up,,"February 3, 2023 2:37 PM"
fleet,"able to run quickly, antonymous: slow, fecund : infertile :: slow : fleet, noun, ships, verb","January 24, 2023 8:32 PM"
beat around the bush,"idiom, to avoid talking about what is important:","January 24, 2023 2:04 PM"
whatsoever,,"January 24, 2023 8:22 AM"
lithe,,"January 24, 2023 6:32 AM"
All together,,"January 23, 2023 9:02 PM"
Altogether,,"January 23, 2023 9:02 PM"
forgetfulness,,"January 23, 2023 8:52 PM"
prided,,"January 23, 2023 8:50 PM"
ruminating,,"January 23, 2023 8:50 PM"
mildly,"adverb, in a gentle way","January 23, 2023 8:44 PM"
overtly,,"January 23, 2023 8:44 PM"
patronizing,,"January 23, 2023 8:44 PM"
disdainful,,"January 23, 2023 8:40 PM"
regarding,,"January 23, 2023 8:39 PM"
strained,,"January 23, 2023 8:36 PM"
wandering,,"January 23, 2023 8:35 PM"
depiction,,"January 23, 2023 8:35 PM"
disgruntled,"adjective, annoyed, unhappy","January 23, 2023 7:06 PM"
besiege,,"January 23, 2023 7:06 PM"
hath,"archaic, have","January 23, 2023 7:05 PM"
wormwood,"noun, perennial herb","January 23, 2023 7:01 PM"
bishopwort,"Betonica officinalis, adjective, flowering plant, plant","January 23, 2023 6:58 PM"
Bring,,"January 23, 2023 6:57 PM"
singe,"to burn, to char, verb","January 23, 2023 6:45 PM"
char,"burn, singe, verb","January 23, 2023 6:44 PM"
congeal,"solidify, verb, water state","January 23, 2023 6:39 PM"
outwit,"get get an advantage over someone using tricks, verb","January 23, 2023 6:37 PM"
piercing,"(of a sound) high loud and unpleasant, a siren is described as piercing, adjective","January 23, 2023 6:33 PM"
whisper,"a whisper is described as hushed., noun, to speak very quietly, verb","January 23, 2023 6:28 PM"
“A : B :: C : D” means “A is to B as C is to D”,analogy reading,"January 23, 2023 6:18 PM"
darn,,"January 23, 2023 6:06 PM"
makeshift make-shift,"a temporary substitute or device., noun","January 23, 2023 6:03 PM"
make shift,"do what one wants to do in spite of not having ideal conditions., verb","January 23, 2023 6:02 PM"
Thesaurus,,"January 23, 2023 5:48 PM"
marble,,"January 23, 2023 10:51 AM"
heavenly,,"January 23, 2023 10:33 AM"
insofar,,"January 23, 2023 10:28 AM"
manifold,,"January 23, 2023 10:28 AM"
dig,,"January 23, 2023 7:14 AM"
widow,,"June 19, 2023 7:02 PM"
outta,,"June 19, 2023 7:00 PM"
spit in someone's eye,,"June 19, 2023 6:55 PM"
dig up,,"January 23, 2023 7:14 AM"
soil,,"January 23, 2023 7:14 AM"
fall back on,,"January 23, 2023 7:09 AM"
fall back in,,"January 23, 2023 7:09 AM"
drop off,,"January 22, 2023 7:25 AM"
superb,,"January 22, 2023 7:25 AM"
brooding,,"January 21, 2023 3:12 PM"
gaze,,"January 21, 2023 3:12 PM"
nail someone down,,"January 21, 2023 3:08 PM"
times up,verb,"January 16, 2023 10:03 PM"
thwart,,"November 6, 2023 10:24 AM"
soured,,"November 6, 2023 10:27 AM"
seize,"take hold of suddenly and forcibly., verb","January 16, 2023 10:00 PM"
out of thin air,,"January 13, 2023 5:35 PM"
heed,"consider, to pay attention, verb","January 12, 2023 7:53 PM"
utter,"pronounce, verb","January 12, 2023 7:45 PM"
jibe,"agree, compatible, to be in accord, verb","January 12, 2023 7:44 PM"
sinner,,"January 12, 2023 7:31 PM"
maiden,,"January 12, 2023 7:30 PM"
seraphim,,"January 12, 2023 7:29 PM"
nymph,,"January 12, 2023 7:29 PM"
plaintiff,,"January 12, 2023 7:23 PM"
smear,"noun, verb","January 12, 2023 7:11 PM"
murky,"adjective, obscurity, vague","January 12, 2023 7:07 PM"
quixotic,"Like Don Quixote, adjective","January 12, 2023 7:01 PM"
a camel's nose (under the tent),,"January 11, 2023 12:26 PM"
get rid of,,"January 11, 2023 12:24 PM"
Filibuster,,"January 9, 2023 7:53 PM"
gerrymander,,"January 9, 2023 7:27 PM"
stingy,,"January 9, 2023 7:01 PM"
akin,,"January 9, 2023 6:51 PM"
raga,,"January 9, 2023 6:51 PM"
Ragtime,,"January 9, 2023 6:48 PM"
segue,"move without interruption from one piece of music or scene to another., transition : segue :: throng : mass","January 9, 2023 6:46 PM"
schlock,,"January 7, 2023 7:35 PM"
nefarious,,"January 7, 2023 12:32 PM"
junctions,,"January 5, 2023 2:52 PM"
shrug,,"January 4, 2023 8:27 AM"
haughty,,"January 2, 2023 8:38 PM"
soiree,"noun, soiree : festive :: funeral : somber, synonyms: festive","January 2, 2023 8:26 PM"
somber,"adjective, dark","January 2, 2023 8:25 PM"
trinket,noun,"January 2, 2023 8:21 PM"
trounce,"punish severely, transitive verb","January 2, 2023 8:21 PM"
junket,,"January 2, 2023 8:21 PM"
jejune,"adjective, devoid of interest, dull","January 2, 2023 8:18 PM"
arid,,"January 2, 2023 8:18 PM"
naïve,naive,"January 2, 2023 8:17 PM"
stand out,,"January 2, 2023 8:12 PM"
furnish,,"January 2, 2023 8:08 PM"
equip,"pilfer : steal :: furnish : equip, to make ready","January 2, 2023 8:07 PM"
pilfer,,"January 2, 2023 8:06 PM"
mug,,"January 2, 2023 8:05 PM"
bore,,"January 2, 2023 8:00 PM"
Zenith,,"January 2, 2023 7:56 PM"
composure,,"January 2, 2023 12:53 PM"
provolone,,"December 30, 2022 9:25 PM"
feta,,"December 30, 2022 9:25 PM"
Coif,,"December 30, 2022 9:18 PM"
napkin,,"December 28, 2022 9:13 PM"
pilsner,,"December 28, 2022 9:12 PM"
tureen,,"December 28, 2022 9:12 PM"
goblet,,"December 28, 2022 9:10 PM"
ride,,"December 28, 2022 9:08 PM"
mount,,"December 28, 2022 9:08 PM"
meek,,"December 28, 2022 8:52 PM"
above,,"December 28, 2022 8:52 PM"
cranky,,"December 28, 2022 8:52 PM"
uptight,,"December 28, 2022 8:51 PM"
subservient,Synonyms: meek,"December 28, 2022 8:47 PM"
particular,Synonyms: fussy,"December 28, 2022 8:46 PM"
fussy,Synonyms: particular,"December 28, 2022 8:45 PM"
thereby,INDEPENDENT CLAUSE thereby DEPENDEN CLAUSE,"December 27, 2022 7:45 PM"
therefore,"conjunctive, relation","December 27, 2022 7:44 PM"
cripple,to severely weaken or disable something,"December 27, 2022 7:05 PM"
You can catch more flies with honey than vinegar,proverb,"December 27, 2022 7:00 PM"
brush off,,"December 27, 2022 7:00 PM"
stare,,"January 11, 2023 11:00 AM"
dog work,"informal, noun, tedious labor","January 11, 2023 9:10 AM"
idle,,"December 27, 2022 6:58 PM"
deviants,"Differing from a norm, adjective, noun","December 27, 2022 6:57 PM"
playpen,noun,"December 27, 2022 6:55 PM"
full-fledged,"adjective, mature","December 27, 2022 6:53 PM"
personhood,,"December 27, 2022 6:45 PM"
ripe,,"December 27, 2022 6:44 PM"
clump,noun,"December 27, 2022 6:43 PM"
flesh,,"December 27, 2022 6:40 PM"
ought,"noun, verb","December 27, 2022 6:35 PM"
utterly,"adverb, extreme degree, totally","December 27, 2022 6:35 PM"
burden,,"December 27, 2022 6:33 PM"
scolds,"noun, to speak in a angry way to someone, verb","December 27, 2022 6:31 PM"
stealthily,,"December 27, 2022 6:26 PM"
prudish,"adjective, having strict moral principles","December 27, 2022 6:24 PM"
worked up,"NOT ""work up"", adjective, exicited, idiom, upset","December 27, 2022 6:22 PM"
steal,,"December 27, 2022 6:16 PM"
trespassory,,"December 27, 2022 6:15 PM"
seldom,"adverb, rarely","December 27, 2022 6:14 PM"
turn up,,"December 27, 2022 6:13 PM"
turn out,,"December 27, 2022 6:13 PM"
hearsay,rumor,"December 27, 2022 6:12 PM"
tailored,fitted,"December 27, 2022 6:10 PM"
Narrow tailoring,legal principle,"December 27, 2022 6:08 PM"
reimbursement,repayment,"December 27, 2022 6:05 PM"
crankshaft,mechanical component,"December 27, 2022 6:03 PM"
distress,,"December 27, 2022 11:05 AM"
blatant,,"December 27, 2022 11:05 AM"
dwelling house,,"December 27, 2022 7:36 AM"
boiling,,"December 26, 2022 9:06 PM"
beat,,"December 26, 2022 9:03 PM"
waivers,,"December 26, 2022 8:33 PM"
https://www.urbandictionary.com/define.php?term=Whirly+Girl,,"December 26, 2022 7:39 PM"
glowing,,"December 26, 2022 7:28 PM"
shut (something) off,,"December 26, 2022 7:22 PM"
derogatory,,"December 26, 2022 6:55 PM"
deaf,"""Deaf-mute"" is another way. But it is derogatory, noun, people who cannot speak an oral language","December 26, 2022 6:53 PM"
Bless you!,Response to sneezing,"December 26, 2022 5:17 PM"
years' time,,"December 26, 2022 3:48 PM"
spoilt,,"December 26, 2022 1:23 PM"
thereby,"adverb, as a result of something","December 26, 2022 1:22 PM"
daunting,,"December 25, 2022 8:57 PM"
evenly,,"December 24, 2022 5:39 PM"
upheaval,,"December 24, 2022 11:39 AM"
moaning,,"December 24, 2022 8:43 AM"
at the moment,"X is happening now or currently occurring, formal","December 23, 2022 10:09 PM"
slipt up,,"December 23, 2022 9:43 PM"
belt,,"December 23, 2022 9:38 PM"
hook,,"December 23, 2022 9:36 PM"
fell off,,"December 23, 2022 9:32 PM"
fell down,,"December 23, 2022 9:32 PM"
liable,,"December 23, 2022 6:31 PM"
arson,,"December 23, 2022 6:31 PM"
tailored,,"December 23, 2022 6:29 PM"
hand out,,"December 23, 2022 6:27 PM"
gather,,"December 23, 2022 6:26 PM"
garbage dump,,"December 23, 2022 6:26 PM"
litter,"junk, trash","December 23, 2022 6:25 PM"
merely,"just, only","December 23, 2022 6:23 PM"
glance,"look quickly, verb","December 23, 2022 6:22 PM"
hand,"give, pass","December 23, 2022 6:20 PM"
thorough,rigorous,"December 23, 2022 6:17 PM"
pass out,,"December 23, 2022 6:16 PM"
reliance,,"December 23, 2022 6:15 PM"
foresaw,,"December 23, 2022 6:10 PM"
crankshaft,,"December 23, 2022 6:09 PM"
reimburse,,"December 23, 2022 6:08 PM"
file suit,,"December 23, 2022 6:07 PM"
relied,,"December 23, 2022 6:05 PM"
knack,,"December 23, 2022 5:45 PM"
screeching stops,,"December 23, 2022 5:31 PM"
jackrabbit starts,,"December 23, 2022 5:31 PM"
,,"January 24, 2023 8:10 PM"
skew,,"December 23, 2022 2:40 PM"
writs,,"December 22, 2022 9:53 PM"
Pedometer,,"December 22, 2022 9:25 PM"
wrist,,"December 22, 2022 9:19 PM"
thief,,"December 22, 2022 9:17 PM"
chasing,,"December 22, 2022 9:16 PM"
gap year,,"December 22, 2022 9:13 PM"
bite the bullet,,"December 21, 2022 11:00 AM"
hold off,,"December 21, 2022 11:00 AM"
reckoning,,"December 20, 2022 9:11 PM"
abridgment,,"December 20, 2022 9:11 PM"
set off,,"December 20, 2022 9:11 PM"
breastfeed,,"December 20, 2022 9:11 PM"
burial,,"December 20, 2022 9:11 PM"
shawl,,"December 20, 2022 9:11 PM"
grave,,"December 20, 2022 9:11 PM"
STAND FOR,,"December 20, 2022 9:11 PM"
threatened,,"December 20, 2022 9:11 PM"
bring,,"December 20, 2022 9:11 PM"
hall,,"December 20, 2022 9:10 PM"
Is mathematical proof a tautology?,,"December 20, 2022 1:32 PM"
Is proof different from a tautology?,,"December 20, 2022 1:32 PM"
Is proof the same as a tautology?,,"December 20, 2022 1:31 PM"
Want to know what I am up to?,,"December 19, 2022 9:06 PM"
cheek,,"December 19, 2022 8:20 PM"
ai'nt,,"December 19, 2022 8:07 PM"
though,,"December 19, 2022 7:37 PM"
in awe,,"December 19, 2022 7:33 PM"
rehearsed,,"December 19, 2022 7:32 PM"
tough,,"December 19, 2022 7:32 PM"
licentiousness,,"December 19, 2022 7:32 PM"
lounge,,"December 19, 2022 7:32 PM"
clever,,"December 19, 2022 7:31 PM"
groundbreaking,,"December 19, 2022 7:31 PM"
flawless,,"December 19, 2022 7:31 PM"
malfeasance,,"December 19, 2022 7:31 PM"
muddle up,"to confuse, verb","December 19, 2022 7:31 PM"
Reign,,"December 19, 2022 7:30 PM"
Revelers,,"December 19, 2022 7:30 PM"
Unfounded,,"December 19, 2022 7:30 PM"
poster child,,"December 19, 2022 7:30 PM"
https://www.ldoceonline.com/dictionary/make-the-most-of-something-get-the-most-out-of-something. Make the most out of.,,"December 19, 2022 7:29 PM"
sweep,,"December 19, 2022 7:15 PM"
sweep up,,"December 19, 2022 7:15 PM"
binge-watch,,"December 19, 2022 2:58 PM"
rolling out,,"December 19, 2022 2:57 PM"
swayed,,"December 18, 2022 1:49 PM"
Lay vs. Lie,,"December 18, 2022 1:21 PM"
"Have you got …? Got…? Do you have …? ",,"December 18, 2022 1:04 PM"
"By the time you're my age, you ____ your mind?",,"December 18, 2022 12:35 PM"
Did you really understand all __ he said?,,"December 18, 2022 12:34 PM"
Why do you object to ___? He'll be an asset to the company?,,"December 18, 2022 12:33 PM"
I have never heard ___ ridiculous song.,,"December 18, 2022 12:32 PM"
What is the difference between so and such?,,"December 18, 2022 12:31 PM"
rather,,"December 18, 2022 12:31 PM"
"You'd rather stay at home tonight, ___ you?",,"December 18, 2022 12:30 PM"
"What is better option ""I will feedback you in an email"" or ""I will send you my feedback in a email""?",,"December 18, 2022 12:30 PM"
"The more I get to know him, the ____ I like him.",,"December 18, 2022 12:29 PM"
Is better “Have you been your company bought houses every year?” or “Have you your company bought houses every year?”,,"December 18, 2022 12:26 PM"
"What is the difference between ""have you"" and ""have you been""?",,"December 18, 2022 12:26 PM"
Charlie will do well in the job _____ he knows how to listen costumers.,,"December 18, 2022 12:25 PM"
Expert witness,Spanish: Perito,"December 9, 2022 6:26 PM"
on behalf of someone,,"December 8, 2022 9:59 AM"
dim,,"December 7, 2022 6:36 PM"
churning out,,"November 23, 2022 9:46 PM"
straight off,,"November 23, 2022 9:46 PM"
stumble,,"November 23, 2022 9:45 PM"
catch,,"November 23, 2022 9:43 PM"
deprive,,"November 23, 2022 9:42 PM"
glimpses,,"November 23, 2022 9:42 PM"
fleeting,,"November 23, 2022 9:42 PM"
tangled,,"November 23, 2022 9:40 PM"
fathom,,"November 23, 2022 9:39 PM"
vortex-like,,"November 23, 2022 9:38 PM"
twisty,,"November 23, 2022 9:38 PM"
swirly,,"November 23, 2022 9:38 PM"
likens,,"November 23, 2022 9:38 PM"
building up,,"November 23, 2022 9:37 PM"
dread,,"November 22, 2022 9:52 PM"
bulb,,"November 22, 2022 9:52 PM"
teetering,,"November 22, 2022 9:50 PM"
encased,,"November 22, 2022 9:50 PM"
lump,,"November 22, 2022 9:47 PM"
gooey,"adj, soft and sticky.","November 22, 2022 9:47 PM"
puddle,,"November 22, 2022 9:42 PM"
spot,,"November 22, 2022 9:41 PM"
spelled out,,"November 22, 2022 9:40 PM"
Needless,,"November 22, 2022 9:39 PM"
motley,,"November 22, 2022 9:38 PM"
delves,,"November 22, 2022 9:38 PM"
miles off,"idiom, noun, to make a guess or calculation that is completely wrong","November 22, 2022 9:36 PM"
august,respected and impressive.,"November 22, 2022 9:33 PM"
howling,,"November 22, 2022 9:32 PM"
barely,,"November 22, 2022 9:31 PM"
hogwash,,"November 22, 2022 9:29 PM"
utter,,"November 22, 2022 9:29 PM"
braid,,"November 22, 2022 9:28 PM"
gripped,,"November 22, 2022 9:26 PM"
inquire,,"November 22, 2022 9:24 PM"
scribbling,,"November 22, 2022 9:22 PM"
hounded,,"November 22, 2022 9:21 PM"
griefer,,"October 18, 2022 9:08 PM"
finest,,"October 13, 2022 9:13 AM"
parking - verb,,"October 5, 2022 8:19 PM"
"Parking lot - parking lot (https://en.wikipedia.org/wiki/American_English) or car park (https://en.wikipedia.org/wiki/British_English), also known as a car lot",,"October 5, 2022 8:18 PM"
acquaintance,,"October 4, 2022 8:45 PM"
Sparks,,"September 22, 2022 6:38 AM"
debris,,"September 22, 2022 6:38 AM"
sued,,"September 22, 2022 6:38 AM"
skirting,,"September 22, 2022 7:02 AM"
snoop,,"September 22, 2022 7:03 AM"
tip-toed,,"September 22, 2022 7:04 AM"
Coup d'état,,"September 29, 2022 11:36 AM"
fuck around,,"September 29, 2022 11:37 AM"
Flaming,,"October 2, 2022 8:42 PM"
commence,,"October 4, 2022 9:05 PM"
agreeable,,"October 4, 2022 9:06 PM"
forth,,"October 4, 2022 9:06 PM"
outrageous,,"October 4, 2022 9:14 PM"
wretched,,"October 4, 2022 9:16 PM"
grievances,,"October 4, 2022 9:26 PM"
onset,,"October 4, 2022 9:29 PM"
sow,,"October 4, 2022 9:30 PM"
strove,,"October 4, 2022 9:31 PM"
pledged,,"October 4, 2022 9:31 PM"
stirred,,"October 4, 2022 9:32 PM"
reservoirs,,"October 13, 2022 7:53 AM"
burgeoning,,"October 13, 2022 7:54 AM"
benign,,"October 18, 2022 9:40 AM"
STAND FOR,,"November 15, 2022 6:37 PM"
one-night stand,,"December 19, 2022 8:03 PM"
whenever,,"December 21, 2022 1:00 PM"
be well up in/on something,,"December 23, 2022 2:12 PM"
owe,,"December 23, 2022 5:02 PM"
turbocharger,,"December 23, 2022 5:30 PM"
fell,,"December 23, 2022 9:32 PM"
burglary,,"December 27, 2022 7:37 AM"
Felony,,"December 27, 2022 7:38 AM"
petri dish,,"December 27, 2022 6:50 PM"
battery,,"December 27, 2022 6:51 PM"
wart,to make a guess or calculation that is completely wrong,"December 27, 2022 6:47 PM"
dwell on,"to continue to think about something, verb","December 27, 2022 6:52 PM"
harp,,"December 27, 2022 6:51 PM"
Legerdemain,"Sleight of hand, noun","January 24, 2023 8:20 PM"
sleight of hand,"Similar: legerdemain (one word), noun, perfomance of a clever executed trick","January 24, 2023 8:18 PM"
slight,"Insult, Trivial, weak","January 23, 2023 8:57 PM"
throng,"synonym: crowd, synonym: mass","January 24, 2023 8:07 PM"
gloom,,"September 19, 2023 8:18 AM"
gloomy,,"January 24, 2023 8:11 PM"
gloomy,"Similar: desperate dark, adjective","January 24, 2023 8:12 PM"
slant,Simliar: skew,"January 24, 2023 8:11 PM"
fixation,,"January 24, 2023 8:17 PM"
fetish,,"January 24, 2023 8:17 PM"
mend,"fix, mend : sewing :: edit : manuscript, repair, verb","January 24, 2023 8:34 PM"
delude,,"January 24, 2023 8:43 PM"
shaky,,"January 30, 2023 7:44 AM"
cuddly,,"January 30, 2023 7:49 AM"
hoodie,,"January 30, 2023 7:53 AM"
comfy,,"January 30, 2023 7:53 AM"
send shivers down/up someone's spine,to make someone feel very thrilled frightened or excited,"January 31, 2023 8:20 AM"
frightened,,"January 31, 2023 8:21 AM"
capacious,ample,"February 1, 2023 8:34 AM"
brick-and-glass,,"February 1, 2023 8:35 AM"
bricks,,"February 1, 2023 8:35 AM"
twilight,,"February 1, 2023 8:37 AM"
at the crack of dawn,,"February 1, 2023 8:43 AM"
steadfast,"adjective, immovable, loyal","February 1, 2023 10:22 AM"
choke,,"February 1, 2023 10:50 AM"
quite,,"February 2, 2023 7:41 AM"
took out,,"February 2, 2023 8:08 AM"
Circa,,"February 5, 2023 9:20 AM"
pervasive,,"February 5, 2023 3:21 PM"
brittle,,"February 5, 2023 3:52 PM"
kick off,,"February 6, 2023 3:15 PM"
welding,,"February 6, 2023 8:24 PM"
welder,,"February 6, 2023 8:26 PM"
bending,,"February 6, 2023 8:27 PM"
flatten,,"February 6, 2023 8:27 PM"
gear,,"February 6, 2023 8:28 PM"
melt,,"February 6, 2023 8:28 PM"
stuck,,"February 6, 2023 8:29 PM"
ballroom,,"February 6, 2023 9:21 PM"
protegee,,"February 6, 2023 9:22 PM"
jump off,,"February 8, 2023 8:59 AM"
complaint,,"February 8, 2023 9:05 AM"
height,"climax, highest point","February 8, 2023 9:09 AM"
mooch,,"February 10, 2023 3:34 PM"
endangers,,"February 17, 2023 9:00 AM"
albeit,although,"February 20, 2023 4:45 PM"
long-haul,"A long period of time., a long distance, adjective, noun","February 20, 2023 5:25 PM"
boil down,"to be the main or most important result of something:, verb","February 20, 2023 8:52 PM"
regret,,"February 21, 2023 10:13 AM"
tempt,,"March 1, 2023 10:24 AM"
Outward,,"April 27, 2022 9:09 PM"
Relentless.,,"April 27, 2022 9:09 PM"
Pitted.,,"April 27, 2022 9:10 PM"
Faint.,,"April 27, 2022 9:10 PM"
verb +noun + on,,"April 27, 2022 9:16 PM"
Depicts,,"April 27, 2022 9:23 PM"
haunts,,"April 27, 2022 9:56 PM"
get the ball rolling.,,"April 27, 2022 9:59 PM"
Learning the ropes,,"April 27, 2022 9:59 PM"
No sweat,,"April 27, 2022 9:59 PM"
out of someone’s league,,"April 27, 2022 9:59 PM"
get into shape.,,"April 27, 2022 10:04 PM"
fulfill,,"May 4, 2022 9:39 PM"
Adjectives ending in ED and ING,,"May 12, 2022 8:46 PM"
indeed.,,"May 14, 2022 9:58 AM"
fall off,,"June 12, 2022 7:03 AM"
further,,"June 20, 2022 5:02 AM"
Search and seizure,,"June 20, 2022 5:14 AM"
oath,,"June 20, 2022 5:14 AM"
Waste.,,"June 20, 2022 6:10 PM"
"shed light on,",,"June 22, 2022 4:39 AM"
such-and-such,,"June 22, 2022 4:57 AM"
literary,,"June 22, 2022 5:24 AM"
thoroughly,,"June 22, 2022 5:24 AM"
Bear one thing,,"June 22, 2022 5:24 AM"
regarded,,"June 22, 2022 5:24 AM"
https://ell.stackexchange.com/questions/131671/only-one-vs-exactly-one-referring-item-count,,"June 23, 2022 6:37 AM"
Misnomer,,"June 23, 2022 6:48 AM"
Ground.,,"June 23, 2022 6:38 PM"
purview,,"June 23, 2022 6:43 PM"
ensuing,,"June 23, 2022 6:48 PM"
overlooked,,"June 24, 2022 6:18 AM"
bachelor,,"June 24, 2022 6:29 AM"
fit,,"June 24, 2022 7:59 AM"
deal,,"June 24, 2022 7:59 AM"
feat,,"June 24, 2022 7:59 AM"
relegate,,"June 24, 2022 8:00 AM"
leverage,,"June 24, 2022 8:01 AM"
whim,,"June 24, 2022 8:01 AM"
held,,"June 24, 2022 8:04 AM"
Gotta,,"June 24, 2022 6:23 PM"
Gone,,"June 24, 2022 6:23 PM"
awake,,"June 24, 2022 6:50 PM"
tune in,,"June 24, 2022 6:51 PM"
lie,,"June 24, 2022 6:51 PM"
arises,,"June 27, 2022 6:11 AM"
leering glances,,"June 27, 2022 6:11 AM"
guilty of arson.,,"June 27, 2022 6:11 AM"
hapless,,"June 27, 2022 6:24 AM"
chiefly,,"June 27, 2022 6:38 AM"
disengage,,"June 27, 2022 6:47 AM"
couching,,"June 27, 2022 7:03 AM"
All that glitters is not gold.,,"June 27, 2022 6:27 PM"
"to make up ",,"July 7, 2022 6:29 AM"
comprise,,"July 7, 2022 6:29 AM"
set off,,"July 7, 2022 6:43 PM"
crocodilian jaws,,"July 7, 2022 6:51 PM"
nuances,,"July 8, 2022 7:00 AM"
subtle,,"July 8, 2022 7:00 AM"
subtle nuances,,"July 8, 2022 7:01 AM"
forth,,"July 8, 2022 8:13 AM"
full-fledged,,"July 9, 2022 2:01 PM"
breeze,,"July 9, 2022 2:01 PM"
Weightage,,"July 9, 2022 2:07 PM"
odd one out,,"July 9, 2022 8:17 PM"
acquaintance,,"July 10, 2022 6:40 PM"
https://en.wikipedia.org/wiki/William_Donner,,"July 11, 2022 4:27 PM"
wagered,,"July 11, 2022 8:23 PM"
on lung disease other than cancer.,,"July 11, 2022 10:46 PM"
bread and butter,,"July 12, 2022 12:20 AM"
end up,,"July 12, 2022 1:55 PM"
moron,,"July 12, 2022 5:26 PM"
https://en.wikipedia.org/wiki/Barnyard,,"July 12, 2022 5:32 PM"
curmudgeonly,,"July 12, 2022 5:34 PM"
coaxing,,"July 12, 2022 5:52 PM"
as such,,"July 12, 2022 6:07 PM"
in fits,,"July 12, 2022 8:43 PM"
tame,,"July 12, 2022 8:44 PM"
thing up,,"July 12, 2022 8:45 PM"
I can dig it,,"July 12, 2022 8:46 PM"
blind,,"July 12, 2022 8:53 PM"
whole thing up,,"July 12, 2022 8:58 PM"
head up,,"July 12, 2022 9:05 PM"
dope,,"July 12, 2022 9:20 PM"
ought,,"July 13, 2022 12:48 PM"
so far,,"July 13, 2022 4:57 PM"
outspoken,,"July 13, 2022 5:28 PM"
https://www.merriam-webster.com/dictionary/repair%20to,,"July 13, 2022 5:35 PM"
breathtaking,,"July 13, 2022 5:58 PM"
foreboding.,,"July 13, 2022 6:19 PM"
awe,,"July 13, 2022 6:19 PM"
declutter,,"July 13, 2022 6:23 PM"
"betrayal ",,"July 13, 2022 6:58 PM"
"charade ",,"July 13, 2022 6:59 PM"
alibis,,"July 14, 2022 6:58 PM"
alibis,,"July 14, 2022 6:58 PM"
sharpen,,"July 14, 2022 6:59 PM"
bragging,,"July 14, 2022 7:04 PM"
Catfishing,,"July 14, 2022 7:42 PM"
chasing,,"July 14, 2022 7:48 PM"
sleek-looking decoys,,"July 14, 2022 7:48 PM"
settling down,,"July 14, 2022 7:49 PM"
fairly,,"January 30, 2023 8:45 AM"
graze,,"February 1, 2023 8:37 AM"
grassy,,"February 1, 2023 10:19 AM"
wicked,"adjective, evil","February 1, 2023 10:19 AM"
killed off,,"February 6, 2023 11:38 AM"
protégée,,"February 6, 2023 9:24 PM"
protégé,protege,"February 6, 2023 9:24 PM"
gown,,"February 6, 2023 9:23 PM"
cul-de-sac,,"March 20, 2023 10:36 PM"
scot-free,,"June 26, 2023 8:26 PM"
shortage,,"June 26, 2023 8:43 PM"
kicked outy,,"June 26, 2023 8:24 PM"
burglar,,"July 2, 2023 1:12 PM"
uphold,,"July 8, 2023 12:56 PM"
Let’s shift gears,change focus direction or approach,"July 24, 2023 8:53 AM"
booming,,"August 11, 2023 11:55 AM"
reliever,,"September 18, 2023 11:00 AM"
fritter away time,,"September 18, 2023 11:01 AM"
wear down,,"November 6, 2023 10:03 AM"
coups,,"July 14, 2022 7:54 PM"
foolish,,"July 15, 2022 6:07 PM"
nuggies,,"July 17, 2022 5:59 PM"
cheers,,"July 17, 2022 5:59 PM"
appointed,,"July 17, 2022 6:07 PM"
suitor,,"July 17, 2022 6:07 PM"
nuggies,,"July 17, 2022 6:10 PM"
endearment,,"July 17, 2022 6:12 PM"
plenty,,"July 17, 2022 6:14 PM"
golly,,"July 17, 2022 6:18 PM"
godly,,"July 17, 2022 6:18 PM"
outgroup,,"July 17, 2022 6:22 PM"
straw,,"July 17, 2022 6:22 PM"
chase,,"July 17, 2022 6:55 PM"
toast,,"July 17, 2022 7:04 PM"
cunningly,,"July 18, 2022 6:52 AM"
seriousness,,"July 18, 2022 6:54 AM"
goonish,,"July 19, 2022 7:34 PM"
sipping,,"July 19, 2022 7:35 PM"
Coconut-water-sipping,,"July 19, 2022 7:36 PM"
Satyr,,"July 19, 2022 7:36 PM"
fallen,,"July 19, 2022 7:39 PM"
loose,,"July 19, 2022 7:39 PM"
deemed,,"July 19, 2022 7:40 PM"
tricked,,"July 19, 2022 7:41 PM"
sacred,,"July 19, 2022 7:41 PM"
back-alley,,"July 19, 2022 7:42 PM"
scoundrel,,"July 19, 2022 7:42 PM"
sordid,,"July 19, 2022 7:42 PM"
naughtyw,,"July 19, 2022 7:47 PM"
burglary,,"August 2, 2022 8:32 AM"
second fiddle to none.,,"August 2, 2022 9:56 AM"
hijackings,,"August 2, 2022 9:59 AM"
sore,,"August 2, 2022 9:06 PM"
bruise,,"August 2, 2022 9:06 PM"
keep away,,"August 2, 2022 9:19 PM"
couch potato,,"August 2, 2022 9:27 PM"
burn off,,"August 2, 2022 9:28 PM"
warm-up,,"August 2, 2022 9:28 PM"
gym freak,,"August 2, 2022 9:28 PM"
moist,,"August 2, 2022 9:33 PM"
toucancompelling,,"August 2, 2022 9:36 PM"
proper,,"August 2, 2022 9:56 PM"
haunted,,"August 2, 2022 9:56 PM"
quest,,"August 2, 2022 9:56 PM"
bring out,,"August 2, 2022 9:59 PM"
send out,,"August 2, 2022 10:15 PM"
some still at large,,"August 3, 2022 7:31 AM"
Som,,"August 3, 2022 7:31 AM"
outlandish,,"August 3, 2022 11:46 AM"
eye-catching,,"August 3, 2022 11:56 AM"
flashy,,"August 3, 2022 11:56 AM"
draws off track,,"August 3, 2022 11:56 AM"
gossip,,"August 3, 2022 11:57 AM"
catchall,,"August 3, 2022 12:01 PM"
knocking down,,"August 3, 2022 12:11 PM"
thrusts,,"August 3, 2022 12:20 PM"
blabs,,"August 3, 2022 5:23 PM"
malarkey,,"August 5, 2022 10:45 AM"
show up,,"August 7, 2022 11:12 AM"
work out,,"August 7, 2022 12:00 PM"
so that,,"August 8, 2022 8:39 PM"
scuffle. It refers to a physical conflict.,,"August 8, 2022 8:42 PM"
"bout. It refers to illness or a boxing match. ",,"August 8, 2022 8:42 PM"
melee. It refers to a physical conflict mass.,,"August 8, 2022 8:42 PM"
stashes,,"August 8, 2022 8:47 PM"
convey,,"August 8, 2022 8:48 PM"
voyage,,"August 8, 2022 8:48 PM"
maneuver,,"August 8, 2022 8:49 PM"
harvest,,"August 8, 2022 8:49 PM"
burgeon,,"August 8, 2022 8:50 PM"
bathe,,"August 8, 2022 8:51 PM"
debauchery,,"August 8, 2022 8:51 PM"
sheathing,,"August 8, 2022 8:52 PM"
drowning,,"August 8, 2022 8:54 PM"
communal,,"August 8, 2022 8:55 PM"
coicident,,"August 8, 2022 8:55 PM"
conjoined,,"August 8, 2022 8:55 PM"
congrous,,"August 8, 2022 8:55 PM"
mannerisms,,"August 8, 2022 8:56 PM"
stains,,"August 8, 2022 8:58 PM"
pure,,"August 8, 2022 8:58 PM"
spotless,,"August 8, 2022 8:58 PM"
antiseptic meaning,,"August 8, 2022 8:59 PM"
dust,,"August 8, 2022 9:00 PM"
stockpiled,,"August 8, 2022 9:01 PM"
built-up,,"August 8, 2022 9:01 PM"
amalgamated,,"August 8, 2022 9:01 PM"
encourages,,"August 8, 2022 9:03 PM"
sets up,,"August 8, 2022 9:04 PM"
leaping out,,"August 8, 2022 9:05 PM"
bull-riding,,"August 8, 2022 9:11 PM"
outlaw,,"August 9, 2022 8:33 AM"
slippery,,"August 9, 2022 8:33 AM"
junkies,,"August 9, 2022 10:03 AM"
divers,,"August 9, 2022 9:53 PM"
astounded,,"August 9, 2022 9:53 PM"
sunken ship,,"August 9, 2022 9:53 PM"
sleuth,,"August 9, 2022 9:59 PM"
poured out,,"August 9, 2022 10:00 PM"
clapping,,"August 9, 2022 10:00 PM"
Giggling,,"August 9, 2022 10:00 PM"
gumballs,,"August 9, 2022 10:00 PM"
delighted,,"August 9, 2022 10:00 PM"
toddler,,"August 9, 2022 10:00 PM"
"Sleep-deprived,",,"August 9, 2022 10:07 PM"
alas,,"August 11, 2022 7:18 AM"
stepping-stone,,"August 17, 2022 8:08 AM"
breaks down,,"August 21, 2022 9:05 AM"
"day in, day out",,"August 21, 2022 9:41 PM"
devoid,,"August 23, 2022 5:58 AM"
bout,,"August 23, 2022 6:01 AM"
maneuvers,,"August 23, 2022 6:01 AM"
to refrain from performing,,"August 23, 2022 6:02 AM"
devoid of,,"August 23, 2022 6:02 AM"
flock of backyard,,"August 23, 2022 6:03 AM"
breath away,,"August 23, 2022 6:34 AM"
valedictorian,,"August 23, 2022 6:48 AM"
laid,,"August 29, 2022 10:36 AM"
spare,,"August 29, 2022 10:40 AM"
malcontent,,"August 29, 2022 10:41 AM"
clout,,"August 29, 2022 10:47 AM"
dearth,,"August 30, 2022 9:52 PM"
bodes,,"August 30, 2022 9:52 PM"
alike,,"August 30, 2022 9:52 PM"
hailed,,"August 30, 2022 9:54 PM"
pointed out:,,"September 6, 2022 10:00 PM"
parade,,"September 7, 2022 9:40 PM"
raison d'être,,"September 10, 2022 2:18 PM"
in a way,,"September 12, 2022 9:13 PM"
uplifting,,"September 12, 2022 9:20 PM"
"live up to,",,"September 12, 2022 9:21 PM"
undertaking,,"September 12, 2022 9:23 PM"
rekindle,,"September 12, 2022 9:25 PM"
beacon,,"September 12, 2022 9:31 PM"
faithfully,,"September 12, 2022 9:31 PM"
brush up on,,"September 12, 2022 10:02 PM"
make out,,"September 12, 2022 10:03 PM"
standoffish,,"September 14, 2022 7:28 AM"
For those who are interested,,"September 17, 2022 4:07 PM"
He did like to pull chains …,,"September 17, 2022 4:10 PM"
Farewall,,"September 18, 2022 4:44 PM"
though,,"September 19, 2022 8:32 PM"
acquiescence,,"September 19, 2022 8:36 PM"
apt,,"September 19, 2022 8:41 PM"
steadiness,,"September 19, 2022 8:42 PM"
silk,,"September 19, 2022 8:44 PM"
vent,,"September 19, 2022 8:45 PM"
prevailing,,"September 19, 2022 8:47 PM"
thwart,,"September 19, 2022 8:59 PM"
disobedient.,,"September 19, 2022 9:03 PM"
mischievous,,"September 19, 2022 9:03 PM"
,,"September 19, 2022 9:04 PM"
acquiescence,,"September 19, 2022 9:06 PM"
rendered,,"September 19, 2022 9:13 PM"
finest Wool,,"September 19, 2022 9:14 PM"
singling out,,"September 19, 2022 10:08 PM"
Willing,,"September 20, 2022 8:12 AM"
"Prerequisite ",,"October 4, 2022 4:44 PM"
whereas,,"November 8, 2022 9:01 AM"
while,,"November 8, 2022 9:01 AM"
comprise of,,"January 24, 2023 7:43 PM"
compose of,,"January 24, 2023 7:43 PM"
Requisite,,"January 24, 2023 7:44 PM"